fusion strike,Absol,Rare,
fusion strike,Adventurer's Discovery,Uncommon,
fusion strike,Araquanid,Rare,
fusion strike,Arrokuda,Common,
fusion strike,Baltoy,Common,
fusion strike,Basculin,Common,
fusion strike,Bewear,Uncommon,
fusion strike,Boltund V,Ultra Rare,
fusion strike,Boltund VMAX,Ultra Rare,
fusion strike,Breloom,Uncommon,
fusion strike,Bug Catcher,Uncommon,
fusion strike,Bunnelby,Common,
fusion strike,Carvanha,Common,
fusion strike,Celebi V (Alternate Full Art),Ultra Rare,
fusion strike,Centiskorch (49),Uncommon,
fusion strike,Chandelure V (Full Art),Ultra Rare,
fusion strike,Chandelure VMAX (Secret),Secret Rare,
fusion strike,Charjabug,Uncommon,
fusion strike,Chili & Cilan & Cress,Uncommon,
fusion strike,Chili & Cilan & Cress (Secret),Secret Rare,
fusion strike,Cinderace V (44),Ultra Rare,
fusion strike,Clamperl,Common,
fusion strike,Clawitzer,Uncommon,
fusion strike,Clobbopus,Common,
fusion strike,Code Card - Dragonite V Box,Code Card,
fusion strike,Code Card - Fusion Strike Booster Pack,Code Card,
fusion strike,Code Card - Fusion Strike Elite Trainer Box,Code Card,
fusion strike,Code Card - Fusion Strike Single Pack Blister [Tepig],Code Card,
fusion strike,Code Card - Rapid Strike Urshifu VMAX Premium Collection,Code Card,
fusion strike,Cook,Uncommon,
fusion strike,Corviknight,Rare,
fusion strike,Crabominable V,Ultra Rare,
fusion strike,Cram-o-matic,Uncommon,
fusion strike,Croconaw,Uncommon,
fusion strike,Crossceiver,Uncommon,
fusion strike,Dancer,Uncommon,
fusion strike,Dancer (Secret),Secret Rare,
fusion strike,Delcatty,Uncommon,
fusion strike,Dewpider,Common,
fusion strike,Dodrio V,Ultra Rare,
fusion strike,Drakloak,Uncommon,
fusion strike,Dreepy,Common,
fusion strike,Dubwool,Uncommon,
fusion strike,Durant,Common,
fusion strike,Eelektross,Rare,
fusion strike,Eldegoss,Uncommon,
fusion strike,Elesa's Sparkle,Uncommon,
fusion strike,Elesa's Sparkle (Secret),Secret Rare,
fusion strike,Excadrill,Uncommon,
fusion strike,Falinks (155),Common,
fusion strike,Feraligatr,Holo Rare,
fusion strike,Flaaffy (Secret),Secret Rare,
fusion strike,Fusion Strike Energy,Uncommon,
fusion strike,Galarian Cursola,Rare,
fusion strike,Galarian Darumaka,Common,
fusion strike,Galarian Meowth,Common,
fusion strike,Galarian Perrserker,Uncommon,
fusion strike,Garbodor,Uncommon,
fusion strike,Genesect V (Alternate Full Art),Ultra Rare,
fusion strike,Gengar V,Ultra Rare,
fusion strike,Gengar VMAX (Alternate Art Secret),Secret Rare,
fusion strike,Gligar,Common,
fusion strike,Golem,Rare,
fusion strike,Goomy,Common,
fusion strike,Gossifleur,Common,
fusion strike,Grapploct,Uncommon,
fusion strike,Graveler,Uncommon,
fusion strike,Greedent V (Alternate Full Art),Ultra Rare,
fusion strike,Greedent VMAX,Ultra Rare,
fusion strike,Greninja V,Ultra Rare,
fusion strike,Growlithe,Common,
fusion strike,Hariyama,Uncommon,
fusion strike,Heatmor,Uncommon,
fusion strike,Helioptile,Common,
fusion strike,Huntail,Rare,
fusion strike,Indeedee,Common,
fusion strike,Inteleon VMAX,Ultra Rare,
fusion strike,Jigglypuff,Common,
fusion strike,Jynx,Common,
fusion strike,Klefki,Common,
fusion strike,Lapras,Uncommon,
fusion strike,Latios,Rare,
fusion strike,Lopunny,Uncommon,
fusion strike,Luxio,Uncommon,
fusion strike,Magcargo,Uncommon,
fusion strike,Mandibuzz,Uncommon,
fusion strike,Mantine,Common,
fusion strike,Marill,Common,
fusion strike,Mawile,Common,
fusion strike,Meloetta,Rare,
fusion strike,Meowth,Common,
fusion strike,Mew V,Ultra Rare,
fusion strike,Mew V (Full Art),Ultra Rare,
fusion strike,Mew VMAX (Alternate Art Secret),Secret Rare,
fusion strike,Minun,Common,
fusion strike,Morpeko (109),Common,
fusion strike,Mudkip,Common,
fusion strike,Musharna,Uncommon,
fusion strike,Ninetales (31),Uncommon,
fusion strike,Oricorio,Rare,
fusion strike,Pancham,Common,
fusion strike,Panpour,Common,
fusion strike,Pansear,Common,
fusion strike,Phantump,Common,
fusion strike,Plusle,Common,
fusion strike,Power Tablet (Secret),Secret Rare,
fusion strike,Pyukumuku,Uncommon,
fusion strike,Qwilfish,Common,
fusion strike,Rillaboom VMAX,Ultra Rare,
fusion strike,Rotom,Common,
fusion strike,Sandshrew,Common,
fusion strike,Sandygast,Common,
fusion strike,Schoolboy (Full Art),Ultra Rare,
fusion strike,Schoolgirl,Uncommon,
fusion strike,Schoolgirl (Secret),Secret Rare,
fusion strike,Sharpedo,Uncommon,
fusion strike,Shauna (Full Art),Ultra Rare,
fusion strike,Shellder,Common,
fusion strike,Shinx,Common,
fusion strike,Sidney,Uncommon,
fusion strike,Sidney (Secret),Secret Rare,
fusion strike,Simipour,Uncommon,
fusion strike,Simisear,Uncommon,
fusion strike,Sizzlipede (47),Common,
fusion strike,Skaters' Park,Uncommon,
fusion strike,Sliggoo,Uncommon,
fusion strike,Smeargle,Common,
fusion strike,Snorlax,Common,
fusion strike,Spongy Gloves,Uncommon,
fusion strike,Starmie,Holo Rare,
fusion strike,Steelix,Holo Rare,
fusion strike,Swadloon,Uncommon,
fusion strike,Togedemaru,Uncommon,
fusion strike,Toxel (105),Common,
fusion strike,Toxicroak,Rare,
fusion strike,Toxtricity (108),Holo Rare,
fusion strike,Trevenant,Uncommon,
fusion strike,Tsareena V,Ultra Rare,
fusion strike,Turtonator,Uncommon,
fusion strike,Tyranitar V,Ultra Rare,
fusion strike,Vikavolt,Rare,
fusion strike,Voltorb,Common,
fusion strike,Vulpix (28),Common,
fusion strike,Wigglytuff,Uncommon,
fusion strike,Wooloo (222),Common,
fusion strike,Zarude,Uncommon,
fusion strike,Zoroark,Uncommon,
fusion strike,Accelgor,Rare,
fusion strike,Appletun V,Ultra Rare,
fusion strike,Arcanine,Rare,
fusion strike,Azumarill,Rare,
fusion strike,Barraskewda,Uncommon,
fusion strike,Battle VIP Pass,Uncommon,
fusion strike,Blissey,Rare,
fusion strike,Boltund V (Full Art),Ultra Rare,
fusion strike,Boltund VMAX (Secret),Secret Rare,
fusion strike,Breloom V,Ultra Rare,
fusion strike,Buneary,Common,
fusion strike,Butterfree,Holo Rare,
fusion strike,Caterpie,Common,
fusion strike,Centiskorch (48),Rare,
fusion strike,Chandelure V,Ultra Rare,
fusion strike,Chandelure VMAX,Ultra Rare,
fusion strike,Chansey,Common,
fusion strike,Chewtle,Common,
fusion strike,Chili & Cilan & Cress (Full Art),Ultra Rare,
fusion strike,Cinderace V (43),Ultra Rare,
fusion strike,Cinderace VMAX,Ultra Rare,
fusion strike,Clauncher,Common,
fusion strike,Claydol,Rare,
fusion strike,Cloyster,Rare,
fusion strike,Code Card - Fusion Strike 3 Pack Blister [Eevee],Code Card,
fusion strike,Code Card - Fusion Strike Build & Battle Box,Code Card,
fusion strike,Code Card - Fusion Strike Pokemon Center Elite Trainer Box,Code Card,
fusion strike,Code Card - Hoopa V Box,Code Card,
fusion strike,Code Card - Single Strike Urshifu VMAX Premium Collection,Code Card,
fusion strike,Copperajah,Uncommon,
fusion strike,Corvisquire,Uncommon,
fusion strike,Crabominable V (Full Art),Ultra Rare,
fusion strike,Croagunk,Common,
fusion strike,Cross Switcher,Uncommon,
fusion strike,Cufant,Common,
fusion strike,Dancer (Full Art),Ultra Rare,
fusion strike,Darkrai,Uncommon,
fusion strike,Deoxys,Holo Rare,
fusion strike,Diggersby,Uncommon,
fusion strike,Dragapult,Holo Rare,
fusion strike,Drednaw,Uncommon,
fusion strike,Drilbur,Common,
fusion strike,Dunsparce,Uncommon,
fusion strike,Eelektrik,Uncommon,
fusion strike,Eevee,Common,
fusion strike,Electrode,Rare,
fusion strike,Elesa's Sparkle (Full Art),Ultra Rare,
fusion strike,Espeon VMAX (Alternate Art Secret),Secret Rare,
fusion strike,Falinks (154),Uncommon,
fusion strike,Farewell Bell,Uncommon,
fusion strike,Fire Energy (Secret),Secret Rare,
fusion strike,Frosmoth,Uncommon,
fusion strike,Galarian Corsola,Common,
fusion strike,Galarian Darmanitan,Uncommon,
fusion strike,Galarian Linoone,Uncommon,
fusion strike,Galarian Obstagoon,Holo Rare,
fusion strike,Galarian Zigzagoon,Common,
fusion strike,Genesect V,Ultra Rare,
fusion strike,Genesect V (Full Art),Ultra Rare,
fusion strike,Gengar VMAX,Ultra Rare,
fusion strike,Geodude,Common,
fusion strike,Gliscor,Uncommon,
fusion strike,Goodra,Rare,
fusion strike,Gorebyss,Rare,
fusion strike,Granbull,Rare,
fusion strike,Grass Energy (Secret),Secret Rare,
fusion strike,Greedent V,Ultra Rare,
fusion strike,Greedent V (Full Art),Ultra Rare,
fusion strike,Greedent VMAX (Secret),Secret Rare,
fusion strike,Grimmsnarl,Holo Rare,
fusion strike,Grubbin,Common,
fusion strike,Hawlucha,Uncommon,
fusion strike,Heliolisk,Uncommon,
fusion strike,Hoopa V (Full Art),Ultra Rare,
fusion strike,Impidimp,Common,
fusion strike,Inteleon V,Ultra Rare,
fusion strike,Inteleon VMAX (Alternate Art Secret),Secret Rare,
fusion strike,Judge,Uncommon,
fusion strike,Kangaskhan,Rare,
fusion strike,Landorus,Holo Rare,
fusion strike,Latias,Rare,
fusion strike,Leavanny,Rare,
fusion strike,Lucario V,Ultra Rare,
fusion strike,Luxray,Rare,
fusion strike,Makuhita,Common,
fusion strike,Mankey,Common,
fusion strike,Maractus,Rare,
fusion strike,Marshtomp,Uncommon,
fusion strike,Melmetal,Holo Rare,
fusion strike,Meltan,Common,
fusion strike,Metapod,Uncommon,
fusion strike,Mew V (Alternate Full Art),Ultra Rare,
fusion strike,Mew VMAX,Ultra Rare,
fusion strike,Mew VMAX (Secret),Secret Rare,
fusion strike,Morgrem,Uncommon,
fusion strike,Morpeko (179),Common,
fusion strike,Munna,Common,
fusion strike,Ninetales (30),Uncommon,
fusion strike,Onix,Common,
fusion strike,Palossand,Rare,
fusion strike,Pangoro,Uncommon,
fusion strike,Pansage,Common,
fusion strike,Persian,Uncommon,
fusion strike,Pikachu V,Ultra Rare,
fusion strike,Power Tablet,Uncommon,
fusion strike,Primeape,Uncommon,
fusion strike,Quick Ball,Uncommon,
fusion strike,Rillaboom V,Ultra Rare,
fusion strike,Rookidee,Common,
fusion strike,Sandaconda V (Alternate Full Art),Ultra Rare,
fusion strike,Sandslash,Uncommon,
fusion strike,Schoolboy,Uncommon,
fusion strike,Schoolboy (Secret),Secret Rare,
fusion strike,Schoolgirl (Full Art),Ultra Rare,
fusion strike,Sewaddle,Common,
fusion strike,Shauna,Uncommon,
fusion strike,Shauna (Secret),Secret Rare,
fusion strike,Shelmet,Common,
fusion strike,Shroomish,Common,
fusion strike,Sidney (Full Art),Ultra Rare,
fusion strike,Sigilyph,Common,
fusion strike,Simisage,Uncommon,
fusion strike,Sizzlipede (46),Common,
fusion strike,Skarmory,Common,
fusion strike,Skitty,Common,
fusion strike,Slugma,Common,
fusion strike,Snom,Common,
fusion strike,Snubbull,Common,
fusion strike,Stantler,Uncommon,
fusion strike,Staryu,Common,
fusion strike,Stufful,Common,
fusion strike,Swampert,Holo Rare,
fusion strike,Totodile,Common,
fusion strike,Toxel (106),Common,
fusion strike,Toxtricity (107),Holo Rare,
fusion strike,Training Court (Secret),Secret Rare,
fusion strike,Trubbish,Common,
fusion strike,Tsareena V (Full Art),Ultra Rare,
fusion strike,Tynamo,Common,
fusion strike,Victini,Uncommon,
fusion strike,Virizion,Rare,
fusion strike,Vullaby,Common,
fusion strike,Vulpix (29),Common,
fusion strike,Wooloo (221),Common,
fusion strike,Yveltal,Rare,
fusion strike,Zeraora,Rare,
fusion strike,Zorua,Common,
celebrations,Code Card - Celebrations Booster Pack,Code Card,
celebrations,Code Card - Celebrations Collection [Dragapult Prime],Code Card,
celebrations,Code Card - Celebrations Collection [Pikachu V-UNION],Code Card,
celebrations,Code Card - Celebrations Deluxe Pin Collection [Zacian LV. X],Code Card,
celebrations,Code Card - Celebrations Pokemon Center Elite Trainer Box (Exclusive),Code Card,
celebrations,Code Card - Celebrations Special Collection - V Memories,Code Card,
celebrations,Cosmoem,Holo Rare,
celebrations,Dialga,Holo Rare,
celebrations,Flying Pikachu VMAX,Ultra Rare,
celebrations,Ho-Oh,Holo Rare,
celebrations,Lugia,Holo Rare,
celebrations,Mew,Holo Rare,
celebrations,Palkia,Holo Rare,
celebrations,Professor's Research,Holo Rare,
celebrations,Reshiram,Holo Rare,
celebrations,Surfing Pikachu V,Ultra Rare,
celebrations,Xerneas,Holo Rare,
celebrations,Zacian V,Ultra Rare,
celebrations,Zekrom,Holo Rare,
celebrations,Code Card - Celebrations Collection [Dark Sylveon V],Code Card,
celebrations,Code Card - Celebrations Collection [Lance's Charizard V],Code Card,
celebrations,Code Card - Celebrations Collector Chest,Code Card,
celebrations,Code Card - Celebrations Elite Trainer Box,Code Card,
celebrations,Code Card - Celebrations Premium Figure Collection [Pikachu VMAX],Code Card,
celebrations,Code Card - Celebrations Ultra-Premium Collection,Code Card,
celebrations,Cosmog,Holo Rare,
celebrations,Flying Pikachu V,Ultra Rare,
celebrations,Groudon,Holo Rare,
celebrations,Kyogre,Holo Rare,
celebrations,Lunala,Holo Rare,
celebrations,Mew (Secret),Secret Rare,
celebrations,Pikachu,Holo Rare,
celebrations,Professor's Research (Full Art),Ultra Rare,
celebrations,Solgaleo,Holo Rare,
celebrations,Surfing Pikachu VMAX,Ultra Rare,
celebrations,Yveltal,Holo Rare,
celebrations,Zamazenta V,Ultra Rare,
celebrations classic,______'s Pikachu,Classic Collection,
celebrations classic,Charizard,Classic Collection,
celebrations classic,Cleffa,Classic Collection,
celebrations classic,Donphan (Prime),Classic Collection,
celebrations classic,Gardevoir ex (Delta Species),Classic Collection,
celebrations classic,Imposter Professor Oak,Classic Collection,
celebrations classic,M Rayquaza EX,Classic Collection,
celebrations classic,Mewtwo EX,Classic Collection,
celebrations classic,Rocket's Admin.,Classic Collection,
celebrations classic,Shining Magikarp,Classic Collection,
celebrations classic,Team Magma's Groudon,Classic Collection,
celebrations classic,Venusaur,Classic Collection,
celebrations classic,Zekrom,Classic Collection,
celebrations classic,Blastoise,Classic Collection,
celebrations classic,Claydol,Classic Collection,
celebrations classic,Dark Gyarados,Classic Collection,
celebrations classic,Garchomp C LV.X,Classic Collection,
celebrations classic,Here Comes Team Rocket!,Classic Collection,
celebrations classic,Luxray GL LV.X,Classic Collection,
celebrations classic,Mew ex,Classic Collection,
celebrations classic,Reshiram,Classic Collection,
celebrations classic,Rocket's Zapdos,Classic Collection,
celebrations classic,Tapu Lele GX,Classic Collection,
celebrations classic,Umbreon Star,Classic Collection,
celebrations classic,Xerneas EX,Classic Collection,
evolving skies,Altaria,Rare,
evolving skies,Appletun,Rare,
evolving skies,Arctovish V,Ultra Rare,
evolving skies,Aroma Lady,Uncommon,
evolving skies,Aroma Lady (Secret),Secret Rare,
evolving skies,Bagon,Common,
evolving skies,Boldore,Uncommon,
evolving skies,Boost Shake (Secret),Secret Rare,
evolving skies,Carvanha,Common,
evolving skies,Code Card - Eevee Evolutions Tin [Flareon V],Code Card,
evolving skies,Code Card - Eevee Evolutions Tin [Vaporeon V],Code Card,
evolving skies,Code Card - Evolving Skies 3 Pack Blister [Umbreon],Code Card,
evolving skies,Code Card - Evolving Skies Build & Battle Box,Code Card,
evolving skies,Code Card - Evolving Skies Elite Trainer Box [Glaceon/Vaporeon/Sylveon/Espeon],Code Card,
evolving skies,Code Card - Evolving Skies Pokemon Center Elite Trainer Box [Glaceon/Vaporeon/Sylveon/Espeon],Code Card,
evolving skies,Code Card - Evolving Skies Premium Checklane Blister [Emboar],Code Card,
evolving skies,Code Card - Evolving Skies Premium Checklane Blister [Luxray],Code Card,
evolving skies,Code Card - Evolving Skies Single Pack Blister [Eevee],Code Card,
evolving skies,Code Card - Greninja V-UNION Special Collection,Code Card,
evolving skies,Code Card - Zacian V-UNION Special Collection,Code Card,
evolving skies,Copycat (Full Art),Ultra Rare,
evolving skies,Cresselia (Secret),Secret Rare,
evolving skies,Cryogonal,Common,
evolving skies,Crystal Cave (Secret),Secret Rare,
evolving skies,Darkness Energy (Secret),Secret Rare,
evolving skies,Dialga,Holo Rare,
evolving skies,Dracozolt V,Ultra Rare,
evolving skies,Dracozolt VMAX,Ultra Rare,
evolving skies,Dragonite V (Alternate Full Art),Ultra Rare,
evolving skies,Drampa,Rare,
evolving skies,Drowzee,Common,
evolving skies,Duraludon V (Alternate Full Art),Ultra Rare,
evolving skies,Duraludon VMAX,Ultra Rare,
evolving skies,Duraludon VMAX (Secret),Secret Rare,
evolving skies,Eevee,Common,
evolving skies,Eldegoss,Holo Rare,
evolving skies,Emolga,Common,
evolving skies,Espeon V,Ultra Rare,
evolving skies,Espeon V (Full Art),Ultra Rare,
evolving skies,Feebas,Common,
evolving skies,Flabebe,Common,
evolving skies,Flareon V (Full Art),Ultra Rare,
evolving skies,Fletchinder,Uncommon,
evolving skies,Floette,Uncommon,
evolving skies,Froslass (Secret),Secret Rare,
evolving skies,Full Face Guard (Secret),Secret Rare,
evolving skies,Galarian Moltres,Holo Rare,
evolving skies,Garbodor V,Ultra Rare,
evolving skies,Garbodor VMAX,Ultra Rare,
evolving skies,Gigalith,Rare,
evolving skies,Glaceon V (Alternate Art Full),Ultra Rare,
evolving skies,Glaceon VMAX,Ultra Rare,
evolving skies,Glaceon VMAX (Secret),Secret Rare,
evolving skies,Golurk V,Ultra Rare,
evolving skies,Golurk V (Full Art),Ultra Rare,
evolving skies,Gordie (Full Art),Ultra Rare,
evolving skies,Gossifleur,Common,
evolving skies,Gyarados V,Ultra Rare,
evolving skies,Gyarados VMAX,Ultra Rare,
evolving skies,Herdier,Uncommon,
evolving skies,Hippowdon,Uncommon,
evolving skies,Hoppip,Common,
evolving skies,Hypno,Uncommon,
evolving skies,Jolteon V (Full Art),Ultra Rare,
evolving skies,Jumpluff,Holo Rare,
evolving skies,Lanturn,Uncommon,
evolving skies,Leafeon V (Alternate Full Art),Ultra Rare,
evolving skies,Leafeon VMAX,Ultra Rare,
evolving skies,Leafeon VMAX (Secret),Secret Rare,
evolving skies,Lilligant,Rare,
evolving skies,Litleo,Common,
evolving skies,Lotad,Common,
evolving skies,Ludicolo,Holo Rare,
evolving skies,Lycanroc V,Ultra Rare,
evolving skies,Lycanroc VMAX,Ultra Rare,
evolving skies,Mareep,Common,
evolving skies,Medicham V,Ultra Rare,
evolving skies,Medicham V (Full Art),Ultra Rare,
evolving skies,Milotic,Rare,
evolving skies,Nickit,Common,
evolving skies,Noivern V (Alternate Full Art),Ultra Rare,
evolving skies,Nuzleaf,Uncommon,
evolving skies,Petilil,Common,
evolving skies,Pinsir,Rare,
evolving skies,Pumpkaboo,Common,
evolving skies,Raichu,Holo Rare,
evolving skies,Raihan (Full Art),Ultra Rare,
evolving skies,Rapid Strike Scroll of the Flying Dragon,Uncommon,
evolving skies,Rayquaza V (Alternate Full Art),Ultra Rare,
evolving skies,Rayquaza VMAX,Ultra Rare,
evolving skies,Rayquaza VMAX (Secret),Secret Rare,
evolving skies,Regieleki,Holo Rare,
evolving skies,Ribbon Badge,Uncommon,
evolving skies,Roggenrola,Common,
evolving skies,Rufflet,Common,
evolving skies,Salamence,Holo Rare,
evolving skies,Scraggy,Common,
evolving skies,Seismitoad,Rare,
evolving skies,Shelgon,Uncommon,
evolving skies,Shopping Center,Uncommon,
evolving skies,Skiploom,Uncommon,
evolving skies,Slakoth,Common,
evolving skies,Snow Leaf Badge,Uncommon,
evolving skies,Stormy Mountains,Uncommon,
evolving skies,Stoutland,Rare,
evolving skies,Suicune V (Full Art),Ultra Rare,
evolving skies,Switching Cups,Uncommon,
evolving skies,Sylveon V,Ultra Rare,
evolving skies,Sylveon V (Full Art),Ultra Rare,
evolving skies,Sylveon VMAX (Alternate Art Secret),Secret Rare,
evolving skies,Talonflame,Rare,
evolving skies,Tentacool,Common,
evolving skies,Thievul,Rare,
evolving skies,Toy Catcher (Secret),Secret Rare,
evolving skies,Trevenant V,Ultra Rare,
evolving skies,Trevenant VMAX,Ultra Rare,
evolving skies,Tropius,Rare,
evolving skies,Tympole,Common,
evolving skies,Umbreon V (Alternate Full Art),Ultra Rare,
evolving skies,Umbreon VMAX,Ultra Rare,
evolving skies,Umbreon VMAX (Secret),Secret Rare,
evolving skies,Vaporeon V (Full Art),Ultra Rare,
evolving skies,Victini,Holo Rare,
evolving skies,Volcarona V,Ultra Rare,
evolving skies,Wishiwashi,Rare,
evolving skies,Woobat,Common,
evolving skies,Zinnia's Resolve (Full Art),Ultra Rare,
evolving skies,Zoroark,Holo Rare,
evolving skies,Zweilous,Uncommon,
evolving skies,Ampharos,Rare,
evolving skies,Applin,Common,
evolving skies,Arctovish V (Full Art),Ultra Rare,
evolving skies,Aroma Lady (Full Art),Ultra Rare,
evolving skies,Avalugg,Uncommon,
evolving skies,Bergmite,Common,
evolving skies,Boost Shake,Uncommon,
evolving skies,Braviary,Uncommon,
evolving skies,Chinchou,Common,
evolving skies,Code Card - Eevee Evolutions Tin [Jolteon V],Code Card,
evolving skies,Code Card - Evolving Skies 3 Pack Blister [Eiscue],Code Card,
evolving skies,Code Card - Evolving Skies Booster Pack,Code Card,
evolving skies,Code Card - Evolving Skies Build & Battle Stadium,Code Card,
evolving skies,Code Card - Evolving Skies Elite Trainer Box [Jolteon/Flareon/Umbreon/Leafeon],Code Card,
evolving skies,Code Card - Evolving Skies Pokemon Center Elite Trainer Box [Jolteon/Flareon/Umbreon/Leafeon],Code Card,
evolving skies,Code Card - Evolving Skies Premium Checklane Blister [Houndoom],Code Card,
evolving skies,Code Card - Evolving Skies Premium Checklane Blister [Octillery],Code Card,
evolving skies,Code Card - Evolving Skies Single Pack Blister [Galarian Slowpoke],Code Card,
evolving skies,Code Card - Mewtwo V-UNION Special Collection,Code Card,
evolving skies,Copycat,Uncommon,
evolving skies,Copycat (Secret),Secret Rare,
evolving skies,Crustle,Uncommon,
evolving skies,Crystal Cave,Uncommon,
evolving skies,Cutiefly,Common,
evolving skies,Deino,Common,
evolving skies,Digging Gloves,Uncommon,
evolving skies,Dracozolt V (Full Art),Ultra Rare,
evolving skies,Dracozolt VMAX (Secret),Secret Rare,
evolving skies,Dragonite V (Full Art),Ultra Rare,
evolving skies,Dream Ball,Uncommon,
evolving skies,Duraludon V,Ultra Rare,
evolving skies,Duraludon V (Full Art),Ultra Rare,
evolving skies,Duraludon VMAX (Alternate Art Secret),Secret Rare,
evolving skies,Dwebble,Common,
evolving skies,Eiscue,Uncommon,
evolving skies,Elemental Badge,Uncommon,
evolving skies,Entei,Holo Rare,
evolving skies,Espeon V (Alternate Full Art),Ultra Rare,
evolving skies,Espeon VMAX,Ultra Rare,
evolving skies,Flaaffy,Uncommon,
evolving skies,Flapple,Rare,
evolving skies,Flareon VMAX,Ultra Rare,
evolving skies,Fletchling,Common,
evolving skies,Florges,Holo Rare,
evolving skies,Full Face Guard,Uncommon,
evolving skies,Galarian Articuno,Holo Rare,
evolving skies,Galarian Zapdos,Holo Rare,
evolving skies,Garbodor V (Full Art),Ultra Rare,
evolving skies,Garbodor VMAX (Secret),Secret Rare,
evolving skies,Glaceon V,Ultra Rare,
evolving skies,Glaceon V (Full Art),Ultra Rare,
evolving skies,Glaceon VMAX (Alternate Art Secret),Secret Rare,
evolving skies,Golduck,Uncommon,
evolving skies,Golurk V (Alternate Full Art),Ultra Rare,
evolving skies,Gordie,Uncommon,
evolving skies,Gordie (Secret),Secret Rare,
evolving skies,Gourgeist,Rare,
evolving skies,Gyarados V (Full Art),Ultra Rare,
evolving skies,Gyarados VMAX (Secret),Secret Rare,
evolving skies,Hippopotas,Common,
evolving skies,Hitmonchan,Common,
evolving skies,Hydreigon,Holo Rare,
evolving skies,Inteleon (Secret),Secret Rare,
evolving skies,Jolteon VMAX,Ultra Rare,
evolving skies,Kyurem,Holo Rare,
evolving skies,Leafeon V,Ultra Rare,
evolving skies,Leafeon V (Full Art),Ultra Rare,
evolving skies,Leafeon VMAX (Alternate Art Secret),Secret Rare,
evolving skies,Lightning Energy (Secret),Secret Rare,
evolving skies,Lillipup,Common,
evolving skies,Lombre,Uncommon,
evolving skies,Lucky Ice Pop,Uncommon,
evolving skies,Luvdisc,Common,
evolving skies,Lycanroc V (Full Art),Ultra Rare,
evolving skies,Lycanroc VMAX (Secret),Secret Rare,
evolving skies,Marshadow,Holo Rare,
evolving skies,Medicham V (Alternate Full Art),Ultra Rare,
evolving skies,Metal Energy (Secret),Secret Rare,
evolving skies,Moon & Sun Badge,Uncommon,
evolving skies,Noivern V,Ultra Rare,
evolving skies,Noivern V (Full Art),Ultra Rare,
evolving skies,Palpitoad,Uncommon,
evolving skies,Pikachu,Common,
evolving skies,Psyduck,Common,
evolving skies,Pyroar,Uncommon,
evolving skies,Raihan,Uncommon,
evolving skies,Raihan (Secret),Secret Rare,
evolving skies,Rayquaza V,Ultra Rare,
evolving skies,Rayquaza V (Full Art),Ultra Rare,
evolving skies,Rayquaza VMAX (Alternate Art Secret),Secret Rare,
evolving skies,Regidrago,Holo Rare,
evolving skies,Rescue Carrier,Uncommon,
evolving skies,Ribombee,Uncommon,
evolving skies,Rubber Gloves,Uncommon,
evolving skies,Sableye,Common,
evolving skies,Scrafty,Uncommon,
evolving skies,Seedot,Common,
evolving skies,Sharpedo,Rare,
evolving skies,Shiftry,Rare,
evolving skies,Single Strike Scroll of the Fanged Dragon,Uncommon,
evolving skies,Slaking,Holo Rare,
evolving skies,Smeargle,Rare,
evolving skies,Spirit Mask,Uncommon,
evolving skies,Stormy Mountains (Secret),Secret Rare,
evolving skies,Suicune V,Ultra Rare,
evolving skies,Swablu,Common,
evolving skies,Swoobat,Uncommon,
evolving skies,Sylveon V (Alternate Full Art),Ultra Rare,
evolving skies,Sylveon VMAX,Ultra Rare,
evolving skies,Sylveon VMAX (Secret),Secret Rare,
evolving skies,Teddiursa,Common,
evolving skies,Tentacruel,Uncommon,
evolving skies,Toy Catcher,Uncommon,
evolving skies,Treasure Energy,Uncommon,
evolving skies,Trevenant V (Full Art),Ultra Rare,
evolving skies,Trevenant VMAX (Secret),Secret Rare,
evolving skies,Turffield Stadium (Secret),Secret Rare,
evolving skies,Umbreon V,Ultra Rare,
evolving skies,Umbreon V (Full Art),Ultra Rare,
evolving skies,Umbreon VMAX (Alternate Art Secret),Secret Rare,
evolving skies,Ursaring,Uncommon,
evolving skies,Vaporeon VMAX,Ultra Rare,
evolving skies,Vigoroth,Uncommon,
evolving skies,Volcarona V (Full Art),Ultra Rare,
evolving skies,Wobbuffet,Common,
evolving skies,Zinnia's Resolve,Uncommon,
evolving skies,Zinnia's Resolve (Secret),Secret Rare,
evolving skies,Zorua,Common,
evolving skies,Zygarde,Holo Rare,
chilling reign,Abomasnow,Rare,
chilling reign,Agatha (Full Art),Ultra Rare,
chilling reign,Aggron,Rare,
chilling reign,Aron,Common,
chilling reign,Avery (Full Art),Ultra Rare,
chilling reign,Banette,Rare,
chilling reign,Blaziken V,Ultra Rare,
chilling reign,Blaziken VMAX,Ultra Rare,
chilling reign,Blaziken VMAX (Secret),Secret Rare,
chilling reign,Blissey V (Alternate Full Art),Ultra Rare,
chilling reign,Blitzle,Common,
chilling reign,Brawly,Uncommon,
chilling reign,Brawly (Secret),Secret Rare,
chilling reign,Caitlin,Uncommon,
chilling reign,Caitlin (Secret),Secret Rare,
chilling reign,Castform Rainy Form,Common,
chilling reign,Castform Sunny Form,Common,
chilling reign,Celebi V (Full Art),Ultra Rare,
chilling reign,Celebi VMAX (Secret),Secret Rare,
chilling reign,Clobbopus,Common,
chilling reign,Code Card - Chilling Reign 3 Pack Blister [Eevee],Code Card,
chilling reign,Code Card - Chilling Reign Booster Pack,Code Card,
chilling reign,Code Card - Chilling Reign Elite Trainer Box [Ice Rider Calyrex],Code Card,
chilling reign,Code Card - Chilling Reign Pokemon Center Elite Trainer Box [Ice Rider Calyrex],Code Card,
chilling reign,Code Card - Chilling Reign Premium Checklane Blister [Decidueye],Code Card,
chilling reign,Code Card - Chilling Reign Single Pack Blister [Phanpy],Code Card,
chilling reign,Code Card - Shadow Rider Calyrex V Box,Code Card,
chilling reign,Crabrawler,Common,
chilling reign,Crushing Gloves,Uncommon,
chilling reign,Delibird,Common,
chilling reign,Doctor,Uncommon,
chilling reign,Doctor (Secret),Secret Rare,
chilling reign,Dugtrio,Rare,
chilling reign,Echoing Horn,Uncommon,
chilling reign,Electrode (Secret),Secret Rare,
chilling reign,Fan of Waves (Secret),Secret Rare,
chilling reign,Fire-Resistant Gloves,Uncommon,
chilling reign,Flannery,Uncommon,
chilling reign,Flannery (Secret),Secret Rare,
chilling reign,Fog Crystal (Secret),Secret Rare,
chilling reign,Furfrou,Common,
chilling reign,Galarian Articuno V (Alternate Full Art),Ultra Rare,
chilling reign,Galarian Chestplate,Uncommon,
chilling reign,Galarian Moltres V,Ultra Rare,
chilling reign,Galarian Moltres V (Full Art),Ultra Rare,
chilling reign,Galarian Rapidash V (Full Art),Ultra Rare,
chilling reign,Galarian Sirfetch'd,Rare,
chilling reign,Galarian Slowking V,Ultra Rare,
chilling reign,Galarian Slowking V (Full Art),Ultra Rare,
chilling reign,Galarian Slowking VMAX (Secret),Secret Rare,
chilling reign,Galarian Weezing,Rare,
chilling reign,Galarian Zapdos V,Ultra Rare,
chilling reign,Galarian Zapdos V (Full Art),Ultra Rare,
chilling reign,Gardevoir,Holo Rare,
chilling reign,Gengar,Holo Rare,
chilling reign,Golurk,Rare,
chilling reign,Greedent,Holo Rare,
chilling reign,Hatenna,Common,
chilling reign,Hattrem,Uncommon,
chilling reign,Heracross,Common,
chilling reign,Honey (Full Art),Ultra Rare,
chilling reign,Ice Rider Calyrex V (Alternate Full Art),Ultra Rare,
chilling reign,Ice Rider Calyrex VMAX,Ultra Rare,
chilling reign,Ice Rider Calyrex VMAX (Secret),Secret Rare,
chilling reign,Inkay,Common,
chilling reign,Justified Gloves,Uncommon,
chilling reign,Karen's Conviction,Uncommon,
chilling reign,Karen's Conviction (Secret),Secret Rare,
chilling reign,Kirlia,Uncommon,
chilling reign,Klara (Full Art),Ultra Rare,
chilling reign,Koffing,Common,
chilling reign,Lairon,Uncommon,
chilling reign,Larvesta,Common,
chilling reign,Ledyba,Common,
chilling reign,Liepard V (Full Art),Ultra Rare,
chilling reign,Lycanroc,Holo Rare,
chilling reign,Mareep,Common,
chilling reign,Melony (Full Art),Ultra Rare,
chilling reign,Metagross V,Ultra Rare,
chilling reign,Metagross VMAX,Ultra Rare,
chilling reign,Old Cemetery,Uncommon,
chilling reign,Path to the Peak,Uncommon,
chilling reign,Peonia (Full Art),Ultra Rare,
chilling reign,Peony,Uncommon,
chilling reign,Peony (Secret),Secret Rare,
chilling reign,Porygon2,Uncommon,
chilling reign,Psychic Energy (Secret),Secret Rare,
chilling reign,Raboot,Uncommon,
chilling reign,Rapid Strike Scroll of the Skies,Uncommon,
chilling reign,Rillaboom,Holo Rare,
chilling reign,Rugged Helmet,Uncommon,
chilling reign,Sandaconda V,Ultra Rare,
chilling reign,Sandaconda VMAX,Ultra Rare,
chilling reign,Sawsbuck,Rare,
chilling reign,Scorbunny,Common,
chilling reign,Seviper,Rare,
chilling reign,Shadow Rider Calyrex V (Alternate Full Art),Ultra Rare,
chilling reign,Shadow Rider Calyrex VMAX,Ultra Rare,
chilling reign,Shadow Rider Calyrex VMAX (Secret),Secret Rare,
chilling reign,Shuppet,Common,
chilling reign,Siebold (Full Art),Ultra Rare,
chilling reign,Single Strike Scroll of Piercing,Uncommon,
chilling reign,Skwovet,Common,
chilling reign,Sneasel,Common,
chilling reign,Snorunt,Common,
chilling reign,Sobble,Common,
chilling reign,Spiral Energy,Uncommon,
chilling reign,Steenee,Uncommon,
chilling reign,Tapu Fini,Holo Rare,
chilling reign,Thundurus,Holo Rare,
chilling reign,Tornadus V,Ultra Rare,
chilling reign,Tornadus V (Full Art),Ultra Rare,
chilling reign,Tornadus VMAX (Secret),Secret Rare,
chilling reign,Urn of Vitality (Secret),Secret Rare,
chilling reign,Volcanion V,Ultra Rare,
chilling reign,Volcarona,Rare,
chilling reign,Water Energy (Secret),Secret Rare,
chilling reign,Weeding Gloves,Uncommon,
chilling reign,Weezing,Rare,
chilling reign,Welcoming Lantern (Secret),Secret Rare,
chilling reign,Zangoose,Rare,
chilling reign,Zebstrika,Rare,
chilling reign,Zeraora V (Alternate Full Art),Ultra Rare,
chilling reign,Agatha,Uncommon,
chilling reign,Agatha (Secret),Secret Rare,
chilling reign,Ampharos,Rare,
chilling reign,Avery,Uncommon,
chilling reign,Avery (Secret),Secret Rare,
chilling reign,Beedrill,Holo Rare,
chilling reign,Blaziken V (Full Art),Ultra Rare,
chilling reign,Blaziken VMAX (Alternate Art Secret),Secret Rare,
chilling reign,Blissey V,Ultra Rare,
chilling reign,Blissey V (Full Art),Ultra Rare,
chilling reign,Bounsweet,Common,
chilling reign,Brawly (Full Art),Ultra Rare,
chilling reign,Bronzong (Secret),Secret Rare,
chilling reign,Caitlin (Full Art),Ultra Rare,
chilling reign,Castform,Common,
chilling reign,Castform Snowy Form,Common,
chilling reign,Celebi V,Ultra Rare,
chilling reign,Celebi VMAX,Ultra Rare,
chilling reign,Cinderace,Holo Rare,
chilling reign,Cobalion,Holo Rare,
chilling reign,Code Card - Chilling Reign 3 Pack Blister [Snorlax],Code Card,
chilling reign,Code Card - Chilling Reign Build & Battle Box,Code Card,
chilling reign,Code Card - Chilling Reign Elite Trainer Box [Shadow Rider Calyrex],Code Card,
chilling reign,Code Card - Chilling Reign Premium Checklane Blister [Blaziken],Code Card,
chilling reign,Code Card - Chilling Reign Single Pack Blister [Morpeko],Code Card,
chilling reign,Code Card - Ice Rider Calyrex V Box,Code Card,
chilling reign,Crabominable,Uncommon,
chilling reign,Cresselia,Holo Rare,
chilling reign,Deerling,Common,
chilling reign,Diglett,Common,
chilling reign,Doctor (Full Art),Ultra Rare,
chilling reign,Drizzile,Uncommon,
chilling reign,Dyna Tree Hill,Uncommon,
chilling reign,Echoing Horn (Secret),Secret Rare,
chilling reign,Expedition Uniform,Uncommon,
chilling reign,Fighting Energy (Secret),Secret Rare,
chilling reign,Flaaffy,Uncommon,
chilling reign,Flannery (Full Art),Ultra Rare,
chilling reign,Fog Crystal,Uncommon,
chilling reign,Froslass,Holo Rare,
chilling reign,Galarian Articuno V,Ultra Rare,
chilling reign,Galarian Articuno V (Full Art),Ultra Rare,
chilling reign,Galarian Farfetch'd,Common,
chilling reign,Galarian Moltres V (Alternate Full Art),Ultra Rare,
chilling reign,Galarian Rapidash V (Alternate Full Art),Ultra Rare,
chilling reign,Galarian Runerigus,Holo Rare,
chilling reign,Galarian Slowking,Holo Rare,
chilling reign,Galarian Slowking V (Alternate Full Art),Ultra Rare,
chilling reign,Galarian Slowking VMAX,Ultra Rare,
chilling reign,Galarian Slowpoke,Common,
chilling reign,Galarian Yamask,Common,
chilling reign,Galarian Zapdos V (Alternate Full Art),Ultra Rare,
chilling reign,Gallade,Rare,
chilling reign,Gastly,Common,
chilling reign,Golett,Common,
chilling reign,Grapploct,Holo Rare,
chilling reign,Grookey,Common,
chilling reign,Hatterene,Holo Rare,
chilling reign,Haunter,Uncommon,
chilling reign,Honey,Uncommon,
chilling reign,Ice Rider Calyrex V,Ultra Rare,
chilling reign,Ice Rider Calyrex V (Full Art),Ultra Rare,
chilling reign,Ice Rider Calyrex VMAX (Alternate Art Secret),Secret Rare,
chilling reign,Impact Energy,Uncommon,
chilling reign,Inteleon,Holo Rare,
chilling reign,Kakuna,Uncommon,
chilling reign,Karen's Conviction (Full Art),Ultra Rare,
chilling reign,Kecleon,Rare,
chilling reign,Klara,Uncommon,
chilling reign,Klara (Secret),Secret Rare,
chilling reign,Kubfu,Common,
chilling reign,Lapras,Common,
chilling reign,Ledian,Uncommon,
chilling reign,Liepard V,Ultra Rare,
chilling reign,Lucky Energy,Uncommon,
chilling reign,Malamar,Rare,
chilling reign,Melony,Uncommon,
chilling reign,Melony (Secret),Secret Rare,
chilling reign,Metagross V (Full Art),Ultra Rare,
chilling reign,Metagross VMAX (Secret),Secret Rare,
chilling reign,Passimian,Rare,
chilling reign,Peonia,Uncommon,
chilling reign,Peonia (Secret),Secret Rare,
chilling reign,Peony (Full Art),Ultra Rare,
chilling reign,Porygon,Common,
chilling reign,Porygon-Z,Holo Rare,
chilling reign,Qwilfish,Common,
chilling reign,Ralts,Common,
chilling reign,Rapid Strike Urshifu,Holo Rare,
chilling reign,Rockruff,Common,
chilling reign,Rugged Helmet (Secret),Secret Rare,
chilling reign,Sandaconda V (Full Art),Ultra Rare,
chilling reign,Sandaconda VMAX (Secret),Secret Rare,
chilling reign,Scolipede,Rare,
chilling reign,Sealeo,Uncommon,
chilling reign,Shadow Rider Calyrex V,Ultra Rare,
chilling reign,Shadow Rider Calyrex V (Full Art),Ultra Rare,
chilling reign,Shadow Rider Calyrex VMAX (Alternate Art Secret),Secret Rare,
chilling reign,Shaymin,Holo Rare,
chilling reign,Siebold,Uncommon,
chilling reign,Siebold (Secret),Secret Rare,
chilling reign,Single Strike Urshifu,Holo Rare,
chilling reign,Slurpuff,Rare,
chilling reign,Snorlax (Secret),Secret Rare,
chilling reign,Snover,Common,
chilling reign,Spheal,Common,
chilling reign,Spiritomb,Rare,
chilling reign,Swirlix,Common,
chilling reign,Tauros,Holo Rare,
chilling reign,Thwackey,Uncommon,
chilling reign,Tornadus V (Alternate Full Art),Ultra Rare,
chilling reign,Tornadus VMAX,Ultra Rare,
chilling reign,Tsareena,Rare,
chilling reign,Venipede,Common,
chilling reign,Volcanion V (Full Art),Ultra Rare,
chilling reign,Walrein,Rare,
chilling reign,Weavile,Holo Rare,
chilling reign,Weedle,Common,
chilling reign,Welcoming Lantern,Uncommon,
chilling reign,Whirlipede,Uncommon,
chilling reign,Zarude,Holo Rare,
chilling reign,Zeraora V,Ultra Rare,
chilling reign,Zeraora V (Full Art),Ultra Rare,
battle styles,Aegislash (107),Holo Rare,
battle styles,Baltoy,Common,
battle styles,Bisharp,Uncommon,
battle styles,Boltund,Rare,
battle styles,Bronzong,Holo Rare,
battle styles,Bruno,Uncommon,
battle styles,Bruno (Secret),Secret Rare,
battle styles,Cacnea,Common,
battle styles,Camping Gear,Uncommon,
battle styles,Carnivine,Uncommon,
battle styles,Cherrim,Holo Rare,
battle styles,Cheryl,Uncommon,
battle styles,Cheryl (Secret),Secret Rare,
battle styles,Claydol,Rare,
battle styles,Code Card - Battle Styles 3 Pack Blister [Eevee],Code Card,
battle styles,Code Card - Battle Styles Booster Pack,Code Card,
battle styles,Code Card - Battle Styles Elite Trainer Box [Rapid Strike Urshifu] (Blue),Code Card,
battle styles,Code Card - Battle Styles Premium Checklane Blister [Corviknight],Code Card,
battle styles,Code Card - Battle Styles Premium Checklane Blister [Toxtricity],Code Card,
battle styles,Code Card - Battle Styles Single Pack Blister [Arrokuda],Code Card,
battle styles,Code Card - Galarian Rapidash V Box,Code Card,
battle styles,Code Card - Single Strike Urshifu V Box,Code Card,
battle styles,Code Card - V Strikers Tin [Empoleon V],Code Card,
battle styles,Conkeldurr,Rare,
battle styles,Corviknight V,Ultra Rare,
battle styles,Corviknight VMAX,Ultra Rare,
battle styles,Crawdaunt,Uncommon,
battle styles,Cubone,Common,
battle styles,Doublade,Uncommon,
battle styles,Durant,Uncommon,
battle styles,Electivire,Rare,
battle styles,Empoleon V,Ultra Rare,
battle styles,Empoleon V (Full Art),Ultra Rare,
battle styles,Entei,Holo Rare,
battle styles,Espurr,Common,
battle styles,Exp. Share (Secret),Secret Rare,
battle styles,Fan of Waves,Uncommon,
battle styles,Flapple V,Ultra Rare,
battle styles,Flapple VMAX,Ultra Rare,
battle styles,Fomantis,Common,
battle styles,Galarian Mr. Mime,Common,
battle styles,Galarian Slowbro,Rare,
battle styles,Glameow,Common,
battle styles,Gliscor,Uncommon,
battle styles,Grumpig,Uncommon,
battle styles,Heatmor,Uncommon,
battle styles,Honedge,Common,
battle styles,Houndoom,Holo Rare,
battle styles,Houndour,Common,
battle styles,Jellicent,Rare,
battle styles,Korrina's Focus,Uncommon,
battle styles,Korrina's Focus (Secret),Secret Rare,
battle styles,Kricketune V (Full Art),Ultra Rare,
battle styles,Level Ball (Secret),Secret Rare,
battle styles,Lickitung,Common,
battle styles,Luxio,Uncommon,
battle styles,Mankey,Common,
battle styles,Mawile,Common,
battle styles,Mienfoo,Common,
battle styles,Mimikyu V,Ultra Rare,
battle styles,Morpeko,Uncommon,
battle styles,Necrozma V,Ultra Rare,
battle styles,Octillery,Holo Rare,
battle styles,Onix,Common,
battle styles,Pachirisu,Common,
battle styles,Phoebe,Uncommon,
battle styles,Phoebe (Secret),Secret Rare,
battle styles,Primeape,Rare,
battle styles,Rapid Strike Energy,Uncommon,
battle styles,Rapid Strike Scroll of Swirls,Uncommon,
battle styles,Rapid Strike Style Mustard (Full Art),Ultra Rare,
battle styles,Rapid Strike Urshifu V,Ultra Rare,
battle styles,Rapid Strike Urshifu V (Full Art),Ultra Rare,
battle styles,Rapid Strike Urshifu VMAX (Alternate Art Secret),Secret Rare,
battle styles,Remoraid,Common,
battle styles,Salandit,Common,
battle styles,Sandaconda,Holo Rare,
battle styles,Seadra,Uncommon,
battle styles,Silicobra,Common,
battle styles,Single Strike Energy (Secret),Secret Rare,
battle styles,Single Strike Style Mustard,Uncommon,
battle styles,Single Strike Style Mustard (Secret),Secret Rare,
battle styles,Single Strike Urshifu V (Alternate Full Art),Ultra Rare,
battle styles,Single Strike Urshifu VMAX,Ultra Rare,
battle styles,Single Strike Urshifu VMAX (Secret),Secret Rare,
battle styles,Sordward & Shielbert,Uncommon,
battle styles,Spewpa,Uncommon,
battle styles,Steelix,Holo Rare,
battle styles,Stoutland V,Ultra Rare,
battle styles,Tapu Bulu,Holo Rare,
battle styles,Tapu Koko V (Full Art),Ultra Rare,
battle styles,Tapu Koko VMAX (Secret),Secret Rare,
battle styles,Timburr,Common,
battle styles,Tower of Darkness,Uncommon,
battle styles,Tyranitar V,Ultra Rare,
battle styles,Tyranitar V (Full Art),Ultra Rare,
battle styles,Victini V,Ultra Rare,
battle styles,Victini VMAX,Ultra Rare,
battle styles,Victreebel,Rare,
battle styles,Weepinbell,Uncommon,
battle styles,Zubat,Common,
battle styles,Aegislash (108),Rare,
battle styles,Bellsprout,Common,
battle styles,Blipbug,Common,
battle styles,Bouffalant,Uncommon,
battle styles,Bronzor,Common,
battle styles,Bruno (Full Art),Ultra Rare,
battle styles,Bruxish,Uncommon,
battle styles,Cacturne,Uncommon,
battle styles,Carkol,Uncommon,
battle styles,Centiskorch,Rare,
battle styles,Cherubi,Common,
battle styles,Cheryl (Full Art),Ultra Rare,
battle styles,Chimecho,Common,
battle styles,Coalossal,Holo Rare,
battle styles,Code Card - Battle Styles 3 Pack Blister [Jolteon],Code Card,
battle styles,Code Card - Battle Styles Build & Battle Box,Code Card,
battle styles,Code Card - Battle Styles Elite Trainer Box [Single Strike Urshifu] (Red),Code Card,
battle styles,Code Card - Battle Styles Premium Checklane Blister [Golisopod],Code Card,
battle styles,Code Card - Battle Styles Premium Checklane Blister [Tyranitar],Code Card,
battle styles,Code Card - Battle Styles Single Pack Blister [Charmander],Code Card,
battle styles,Code Card - Rapid Strike Urshifu V Box,Code Card,
battle styles,Code Card - Spring 2021 Collector's Chest Tin,Code Card,
battle styles,Code Card - V Strikers Tin [Tyranitar V],Code Card,
battle styles,Corphish,Common,
battle styles,Corviknight V (Full Art),Ultra Rare,
battle styles,Corviknight VMAX (Secret),Secret Rare,
battle styles,Crobat,Holo Rare,
battle styles,Dottler,Uncommon,
battle styles,Drampa,Rare,
battle styles,Electabuzz,Common,
battle styles,Emboar,Holo Rare,
battle styles,Empoleon V (Alternate Full Art),Ultra Rare,
battle styles,Energy Recycler,Uncommon,
battle styles,Escape Rope,Uncommon,
battle styles,Exp. Share,Uncommon,
battle styles,Falinks,Rare,
battle styles,Fearow,Uncommon,
battle styles,Flapple V (Full Art),Ultra Rare,
battle styles,Flapple VMAX (Secret),Secret Rare,
battle styles,Frillish,Common,
battle styles,Galarian Mr. Rime,Rare,
battle styles,Galarian Slowpoke,Common,
battle styles,Gligar,Common,
battle styles,Golbat,Uncommon,
battle styles,Gurdurr,Uncommon,
battle styles,Honchkrow,Uncommon,
battle styles,Horsea,Common,
battle styles,Houndoom (Secret),Secret Rare,
battle styles,Indeedee,Uncommon,
battle styles,Kingdra,Holo Rare,
battle styles,Korrina's Focus (Full Art),Ultra Rare,
battle styles,Kricketune V,Ultra Rare,
battle styles,Level Ball,Uncommon,
battle styles,Lickilicky,Rare,
battle styles,Lurantis,Rare,
battle styles,Luxray,Holo Rare,
battle styles,Marowak,Rare,
battle styles,Meowstic,Holo Rare,
battle styles,Mienshao,Rare,
battle styles,Mimikyu V (Full Art),Ultra Rare,
battle styles,Murkrow,Common,
battle styles,Necrozma V (Full Art),Ultra Rare,
battle styles,Octillery (Secret),Secret Rare,
battle styles,Orbeetle,Holo Rare,
battle styles,Pawniard,Common,
battle styles,Phoebe (Full Art),Ultra Rare,
battle styles,Pignite,Uncommon,
battle styles,Purugly,Uncommon,
battle styles,Rapid Strike Energy (Secret),Secret Rare,
battle styles,Rapid Strike Style Mustard,Uncommon,
battle styles,Rapid Strike Style Mustard (Secret),Secret Rare,
battle styles,Rapid Strike Urshifu V (Alternate Full Art),Ultra Rare,
battle styles,Rapid Strike Urshifu VMAX,Ultra Rare,
battle styles,Rapid Strike Urshifu VMAX (Secret),Secret Rare,
battle styles,Rolycoly,Common,
battle styles,Salazzle,Rare,
battle styles,Scatterbug,Common,
battle styles,Shinx,Common,
battle styles,Single Strike Energy,Uncommon,
battle styles,Single Strike Scroll of Scorn,Uncommon,
battle styles,Single Strike Style Mustard (Full Art),Ultra Rare,
battle styles,Single Strike Urshifu V,Ultra Rare,
battle styles,Single Strike Urshifu V (Full Art),Ultra Rare,
battle styles,Single Strike Urshifu VMAX (Alternate Art Secret),Secret Rare,
battle styles,Sizzlipede,Common,
battle styles,Spearow,Common,
battle styles,Spoink,Common,
battle styles,Stonjourner,Rare,
battle styles,Stoutland V (Full Art),Ultra Rare,
battle styles,Tapu Koko V,Ultra Rare,
battle styles,Tapu Koko VMAX,Ultra Rare,
battle styles,Tepig,Common,
battle styles,Tool Jammer,Uncommon,
battle styles,Tower of Waters,Uncommon,
battle styles,Tyranitar V (Alternate Full Art),Ultra Rare,
battle styles,Urn of Vitality,Uncommon,
battle styles,Victini V (Full Art),Ultra Rare,
battle styles,Victini VMAX (Secret),Secret Rare,
battle styles,Vivillon,Rare,
battle styles,Yamper,Common,
shinning fates,Bulbasaur,Promo,
shinning fates,Chespin,Promo,
shinning fates,Chimchar,Promo,
shinning fates,Fennekin,Promo,
shinning fates,Grookey,Promo,
shinning fates,Mudkip,Promo,
shinning fates,Pikachu,Promo,
shinning fates,Popplio,Promo,
shinning fates,Scorbunny,Promo,
shinning fates,Sobble,Promo,
shinning fates,Tepig,Promo,
shinning fates,Totodile,Promo,
shinning fates,Turtwig,Promo,
shinning fates,Charmander,Promo,
shinning fates,Chikorita,Promo,
shinning fates,Cyndaquil,Promo,
shinning fates,Froakie,Promo,
shinning fates,Litten,Promo,
shinning fates,Oshawott,Promo,
shinning fates,Piplup,Promo,
shinning fates,Rowlet,Promo,
shinning fates,Snivy,Promo,
shinning fates,Squirtle,Promo,
shinning fates,Torchic,Promo,
shinning fates,Treecko,Promo,
